protein_a	protein_b	cosine_similarity
sp|O13547|CCW14_YEAST	sp|P33890|TIR2_YEAST	0.986006498336792
sp|O13547|CCW14_YEAST	sp|P10863|TIR1_YEAST	0.9855508804321289
sp|O13547|CCW14_YEAST	sp|P40552|TIR3_YEAST	0.985390305519104
sp|O13547|CCW14_YEAST	sp|P27654|TIP1_YEAST	0.9850258827209473
sp|O13547|CCW14_YEAST	sp|P47178|DAN1_YEAST	0.9820818305015564
sp|P00635|PPA5_YEAST	sp|Q03655|GAS3_YEAST	0.973118245601654
sp|P00635|PPA5_YEAST	sp|P38616|YGP1_YEAST	0.9727610349655151
sp|P00635|PPA5_YEAST	sp|P32623|CRH2_YEAST	0.9720872044563293
sp|P00635|PPA5_YEAST	sp|P23776|EXG1_YEAST	0.9718446731567383
sp|P00635|PPA5_YEAST	sp|P00724|INV2_YEAST	0.9710879325866699
sp|P00724|INV2_YEAST	sp|P00635|PPA5_YEAST	0.9710879325866699
sp|P00724|INV2_YEAST	sp|P23776|EXG1_YEAST	0.9708700180053711
sp|P00724|INV2_YEAST	sp|P32603|SPR1_YEAST	0.9702704548835754
sp|P00724|INV2_YEAST	sp|Q03655|GAS3_YEAST	0.9692966938018799
sp|P00724|INV2_YEAST	sp|P32623|CRH2_YEAST	0.9671831130981445
sp|P08640|FLO11_YEAST	sp|P39712|FLO9_YEAST	0.980743408203125
sp|P08640|FLO11_YEAST	sp|P32768|FLO1_YEAST	0.9803959131240845
sp|P08640|FLO11_YEAST	sp|P38894|FLO5_YEAST	0.9779074192047119
sp|P08640|FLO11_YEAST	sp|Q04433|FIT1_YEAST	0.9746427536010742
sp|P08640|FLO11_YEAST	sp|P47179|DAN4_YEAST	0.9736588597297668
sp|P0CX77|ASP22_YEAST	sp|P0CZ17|ASP21_YEAST	0.9999998807907104
sp|P0CX77|ASP22_YEAST	sp|P0CX79|ASP24_YEAST	0.9999998807907104
sp|P0CX77|ASP22_YEAST	sp|P0CX78|ASP23_YEAST	0.9999998807907104
sp|P0CX77|ASP22_YEAST	sp|P00724|INV2_YEAST	0.9665316939353943
sp|P0CX77|ASP22_YEAST	sp|P23776|EXG1_YEAST	0.9657560586929321
sp|P0CX78|ASP23_YEAST	sp|P0CX77|ASP22_YEAST	0.9999998807907104
sp|P0CX78|ASP23_YEAST	sp|P0CZ17|ASP21_YEAST	0.9999998807907104
sp|P0CX78|ASP23_YEAST	sp|P0CX79|ASP24_YEAST	0.9999998807907104
sp|P0CX78|ASP23_YEAST	sp|P00724|INV2_YEAST	0.9665316939353943
sp|P0CX78|ASP23_YEAST	sp|P23776|EXG1_YEAST	0.9657560586929321
sp|P0CX79|ASP24_YEAST	sp|P0CX77|ASP22_YEAST	0.9999998807907104
sp|P0CX79|ASP24_YEAST	sp|P0CZ17|ASP21_YEAST	0.9999998807907104
sp|P0CX79|ASP24_YEAST	sp|P0CX78|ASP23_YEAST	0.9999998807907104
sp|P0CX79|ASP24_YEAST	sp|P00724|INV2_YEAST	0.9665316939353943
sp|P0CX79|ASP24_YEAST	sp|P23776|EXG1_YEAST	0.9657560586929321
sp|P0CZ17|ASP21_YEAST	sp|P0CX77|ASP22_YEAST	0.9999998807907104
sp|P0CZ17|ASP21_YEAST	sp|P0CX79|ASP24_YEAST	0.9999998807907104
sp|P0CZ17|ASP21_YEAST	sp|P0CX78|ASP23_YEAST	0.9999998807907104
sp|P0CZ17|ASP21_YEAST	sp|P00724|INV2_YEAST	0.9665316939353943
sp|P0CZ17|ASP21_YEAST	sp|P23776|EXG1_YEAST	0.9657560586929321
sp|P10863|TIR1_YEAST	sp|P33890|TIR2_YEAST	0.9950757026672363
sp|P10863|TIR1_YEAST	sp|P27654|TIP1_YEAST	0.9942800998687744
sp|P10863|TIR1_YEAST	sp|P40552|TIR3_YEAST	0.9936180710792542
sp|P10863|TIR1_YEAST	sp|P47178|DAN1_YEAST	0.9874992966651917
sp|P10863|TIR1_YEAST	sp|O13547|CCW14_YEAST	0.9855508804321289
sp|P15703|BGL2_YEAST	sp|Q04951|SCW10_YEAST	0.9802554249763489
sp|P15703|BGL2_YEAST	sp|P53334|SCW4_YEAST	0.980168342590332
sp|P15703|BGL2_YEAST	sp|P22146|GAS1_YEAST	0.9778803586959839
sp|P15703|BGL2_YEAST	sp|Q08193|GAS5_YEAST	0.97516930103302
sp|P15703|BGL2_YEAST	sp|P23776|EXG1_YEAST	0.9733513593673706
sp|P17260|KRE1_YEAST	sp|Q08673|SRL1_YEAST	0.9848706126213074
sp|P17260|KRE1_YEAST	sp|P38844|DSE2_YEAST	0.9815578460693359
sp|P17260|KRE1_YEAST	sp|Q08906|FIT2_YEAST	0.9784762859344482
sp|P17260|KRE1_YEAST	sp|P39005|KRE9_YEAST	0.978104829788208
sp|P17260|KRE1_YEAST	sp|P46999|PIR5_YEAST	0.9780310392379761
sp|P20840|SAG1_YEAST	sp|P42835|EGT2_YEAST	0.9901231527328491
sp|P20840|SAG1_YEAST	sp|P39005|KRE9_YEAST	0.9810507893562317
sp|P20840|SAG1_YEAST	sp|Q07988|AFB1_YEAST	0.9804328680038452
sp|P20840|SAG1_YEAST	sp|P38844|DSE2_YEAST	0.980087399482727
sp|P20840|SAG1_YEAST	sp|P47033|PRY3_YEAST	0.9799790382385254
sp|P22146|GAS1_YEAST	sp|Q08193|GAS5_YEAST	0.9939761161804199
sp|P22146|GAS1_YEAST	sp|Q03655|GAS3_YEAST	0.9912193417549133
sp|P22146|GAS1_YEAST	sp|P53334|SCW4_YEAST	0.9821315407752991
sp|P22146|GAS1_YEAST	sp|Q04951|SCW10_YEAST	0.98192298412323
sp|P22146|GAS1_YEAST	sp|P15703|BGL2_YEAST	0.9778803586959839
sp|P23776|EXG1_YEAST	sp|P32603|SPR1_YEAST	0.9920517206192017
sp|P23776|EXG1_YEAST	sp|Q03655|GAS3_YEAST	0.9769347906112671
sp|P23776|EXG1_YEAST	sp|Q08193|GAS5_YEAST	0.976469874382019
sp|P23776|EXG1_YEAST	sp|P15703|BGL2_YEAST	0.9733513593673706
sp|P23776|EXG1_YEAST	sp|P00635|PPA5_YEAST	0.9718446731567383
sp|P25653|FIG2_YEAST	sp|P32323|AGA1_YEAST	0.992702305316925
sp|P25653|FIG2_YEAST	sp|P47033|PRY3_YEAST	0.9873197674751282
sp|P25653|FIG2_YEAST	sp|P42835|EGT2_YEAST	0.9862427115440369
sp|P25653|FIG2_YEAST	sp|P38844|DSE2_YEAST	0.9855485558509827
sp|P25653|FIG2_YEAST	sp|P36170|FLO10_YEAST	0.9772583246231079
sp|P27654|TIP1_YEAST	sp|P33890|TIR2_YEAST	0.9959172606468201
sp|P27654|TIP1_YEAST	sp|P10863|TIR1_YEAST	0.9942800998687744
sp|P27654|TIP1_YEAST	sp|P40552|TIR3_YEAST	0.9934965372085571
sp|P27654|TIP1_YEAST	sp|P47178|DAN1_YEAST	0.9929496049880981
sp|P27654|TIP1_YEAST	sp|O13547|CCW14_YEAST	0.9850258827209473
sp|P28319|CWP1_YEAST	sp|P47001|CIS3_YEAST	0.9782367944717407
sp|P28319|CWP1_YEAST	sp|O13547|CCW14_YEAST	0.9782249927520752
sp|P28319|CWP1_YEAST	sp|P47178|DAN1_YEAST	0.9730801582336426
sp|P28319|CWP1_YEAST	sp|P27654|TIP1_YEAST	0.9728598594665527
sp|P28319|CWP1_YEAST	sp|Q03180|PIR3_YEAST	0.9707244038581848
sp|P29029|CHIT_YEAST	sp|P53189|SCW11_YEAST	0.9851638674736023
sp|P29029|CHIT_YEAST	sp|P53301|CRH1_YEAST	0.9794756174087524
sp|P29029|CHIT_YEAST	sp|Q04951|SCW10_YEAST	0.9765702486038208
sp|P29029|CHIT_YEAST	sp|P36110|PRY2_YEAST	0.9763882756233215
sp|P29029|CHIT_YEAST	sp|P53753|ENG1_YEAST	0.9752593636512756
sp|P32323|AGA1_YEAST	sp|P25653|FIG2_YEAST	0.992702305316925
sp|P32323|AGA1_YEAST	sp|P38844|DSE2_YEAST	0.983523428440094
sp|P32323|AGA1_YEAST	sp|P47033|PRY3_YEAST	0.983051598072052
sp|P32323|AGA1_YEAST	sp|P42835|EGT2_YEAST	0.9817667007446289
sp|P32323|AGA1_YEAST	sp|P36170|FLO10_YEAST	0.9786187410354614
sp|P32472|FKBP2_YEAST	sp|P23285|CYPB_YEAST	0.9627678990364075
sp|P32472|FKBP2_YEAST	sp|Q06490|THI22_YEAST	0.9601781368255615
sp|P32472|FKBP2_YEAST	sp|P38836|ECM14_YEAST	0.956950843334198
sp|P32472|FKBP2_YEAST	sp|P32603|SPR1_YEAST	0.9531536102294922
sp|P32472|FKBP2_YEAST	sp|P00724|INV2_YEAST	0.9511281847953796
sp|P32478|HS150_YEAST	sp|Q03178|PIR1_YEAST	0.994269847869873
sp|P32478|HS150_YEAST	sp|Q03180|PIR3_YEAST	0.9937373995780945
sp|P32478|HS150_YEAST	sp|Q04433|FIT1_YEAST	0.9785855412483215
sp|P32478|HS150_YEAST	sp|P10863|TIR1_YEAST	0.9720451831817627
sp|P32478|HS150_YEAST	sp|P46999|PIR5_YEAST	0.9717024564743042
sp|P32623|CRH2_YEAST	sp|P53301|CRH1_YEAST	0.9887880682945251
sp|P32623|CRH2_YEAST	sp|P38288|TOS1_YEAST	0.9825671911239624
sp|P32623|CRH2_YEAST	sp|P46992|TOH1_YEAST	0.9818211793899536
sp|P32623|CRH2_YEAST	sp|Q03655|GAS3_YEAST	0.9779528379440308
sp|P32623|CRH2_YEAST	sp|P53616|SUN4_YEAST	0.9763964414596558
sp|P32768|FLO1_YEAST	sp|P39712|FLO9_YEAST	0.9983831644058228
sp|P32768|FLO1_YEAST	sp|P38894|FLO5_YEAST	0.9944177269935608
sp|P32768|FLO1_YEAST	sp|P08640|FLO11_YEAST	0.9803959131240845
sp|P32768|FLO1_YEAST	sp|Q04433|FIT1_YEAST	0.9682118892669678
sp|P32768|FLO1_YEAST	sp|P36170|FLO10_YEAST	0.9661293029785156
sp|P36135|UTH1_YEAST	sp|P53616|SUN4_YEAST	0.9937907457351685
sp|P36135|UTH1_YEAST	sp|P38288|TOS1_YEAST	0.9728571176528931
sp|P36135|UTH1_YEAST	sp|Q04951|SCW10_YEAST	0.9717493057250977
sp|P36135|UTH1_YEAST	sp|P53334|SCW4_YEAST	0.971184492111206
sp|P36135|UTH1_YEAST	sp|P22146|GAS1_YEAST	0.9702609181404114
sp|P36170|FLO10_YEAST	sp|P47179|DAN4_YEAST	0.9815826416015625
sp|P36170|FLO10_YEAST	sp|P38894|FLO5_YEAST	0.9801661968231201
sp|P36170|FLO10_YEAST	sp|P32323|AGA1_YEAST	0.9786187410354614
sp|P36170|FLO10_YEAST	sp|P42835|EGT2_YEAST	0.9780243039131165
sp|P36170|FLO10_YEAST	sp|P25653|FIG2_YEAST	0.9772583246231079
sp|P38248|ECM33_YEAST	sp|Q12355|PST1_YEAST	0.9954166412353516
sp|P38248|ECM33_YEAST	sp|P22146|GAS1_YEAST	0.9683501124382019
sp|P38248|ECM33_YEAST	sp|Q03655|GAS3_YEAST	0.9679973125457764
sp|P38248|ECM33_YEAST	sp|P32623|CRH2_YEAST	0.9667148590087891
sp|P38248|ECM33_YEAST	sp|Q08193|GAS5_YEAST	0.9664491415023804
sp|P38836|ECM14_YEAST	sp|P32603|SPR1_YEAST	0.9649370908737183
sp|P38836|ECM14_YEAST	sp|Q06490|THI22_YEAST	0.961368203163147
sp|P38836|ECM14_YEAST	sp|P23776|EXG1_YEAST	0.960464358329773
sp|P38836|ECM14_YEAST	sp|P00635|PPA5_YEAST	0.9602080583572388
sp|P38836|ECM14_YEAST	sp|P00724|INV2_YEAST	0.9580776691436768
sp|P38844|DSE2_YEAST	sp|Q08673|SRL1_YEAST	0.9857804775238037
sp|P38844|DSE2_YEAST	sp|P25653|FIG2_YEAST	0.9855485558509827
sp|P38844|DSE2_YEAST	sp|P47033|PRY3_YEAST	0.9840639233589172
sp|P38844|DSE2_YEAST	sp|P42835|EGT2_YEAST	0.9835706949234009
sp|P38844|DSE2_YEAST	sp|P32323|AGA1_YEAST	0.983523428440094
sp|P38894|FLO5_YEAST	sp|P39712|FLO9_YEAST	0.9970678091049194
sp|P38894|FLO5_YEAST	sp|P32768|FLO1_YEAST	0.9944177269935608
sp|P38894|FLO5_YEAST	sp|P36170|FLO10_YEAST	0.9801661968231201
sp|P38894|FLO5_YEAST	sp|P08640|FLO11_YEAST	0.9779074192047119
sp|P38894|FLO5_YEAST	sp|Q04433|FIT1_YEAST	0.9708619117736816
sp|P38993|FET3_YEAST	sp|P00724|INV2_YEAST	0.9620834589004517
sp|P38993|FET3_YEAST	sp|P00635|PPA5_YEAST	0.9611194729804993
sp|P38993|FET3_YEAST	sp|P23776|EXG1_YEAST	0.9605488181114197
sp|P38993|FET3_YEAST	sp|P32603|SPR1_YEAST	0.9572082757949829
sp|P38993|FET3_YEAST	sp|P32623|CRH2_YEAST	0.9550238847732544
sp|P42835|EGT2_YEAST	sp|P20840|SAG1_YEAST	0.9901231527328491
sp|P42835|EGT2_YEAST	sp|P47033|PRY3_YEAST	0.9872208833694458
sp|P42835|EGT2_YEAST	sp|P25653|FIG2_YEAST	0.9862427115440369
sp|P42835|EGT2_YEAST	sp|P38844|DSE2_YEAST	0.9835706949234009
sp|P42835|EGT2_YEAST	sp|P32323|AGA1_YEAST	0.9817667007446289
sp|P43497|CWP2_YEAST	sp|P48560|TOS6_YEAST	0.9882088899612427
sp|P43497|CWP2_YEAST	sp|P40092|SPI1_YEAST	0.9805060625076294
sp|P43497|CWP2_YEAST	sp|P47178|DAN1_YEAST	0.9770291447639465
sp|P43497|CWP2_YEAST	sp|Q7LHD1|CCW22_YEAST	0.9750759601593018
sp|P43497|CWP2_YEAST	sp|P27654|TIP1_YEAST	0.9729483127593994
sp|P47001|CIS3_YEAST	sp|P46999|PIR5_YEAST	0.9900626540184021
sp|P47001|CIS3_YEAST	sp|P39005|KRE9_YEAST	0.9847568869590759
sp|P47001|CIS3_YEAST	sp|Q03180|PIR3_YEAST	0.9842748641967773
sp|P47001|CIS3_YEAST	sp|P50112|KNH1_YEAST	0.9810987114906311
sp|P47001|CIS3_YEAST	sp|P28319|CWP1_YEAST	0.9782367944717407
sp|P47032|PRY1_YEAST	sp|P36110|PRY2_YEAST	0.9947900176048279
sp|P47032|PRY1_YEAST	sp|Q04951|SCW10_YEAST	0.9788323640823364
sp|P47032|PRY1_YEAST	sp|P53334|SCW4_YEAST	0.9764232039451599
sp|P47032|PRY1_YEAST	sp|P53189|SCW11_YEAST	0.9756906628608704
sp|P47032|PRY1_YEAST	sp|P53301|CRH1_YEAST	0.9752699136734009
sp|P47033|PRY3_YEAST	sp|P25653|FIG2_YEAST	0.9873197674751282
sp|P47033|PRY3_YEAST	sp|P42835|EGT2_YEAST	0.9872208833694458
sp|P47033|PRY3_YEAST	sp|P38844|DSE2_YEAST	0.9840639233589172
sp|P47033|PRY3_YEAST	sp|P32323|AGA1_YEAST	0.983051598072052
sp|P47033|PRY3_YEAST	sp|P20840|SAG1_YEAST	0.9799790382385254
sp|P47178|DAN1_YEAST	sp|P27654|TIP1_YEAST	0.9929496049880981
sp|P47178|DAN1_YEAST	sp|P33890|TIR2_YEAST	0.9912316799163818
sp|P47178|DAN1_YEAST	sp|P40552|TIR3_YEAST	0.989666759967804
sp|P47178|DAN1_YEAST	sp|P10863|TIR1_YEAST	0.9874992966651917
sp|P47178|DAN1_YEAST	sp|P40092|SPI1_YEAST	0.9865447282791138
sp|P53301|CRH1_YEAST	sp|P32623|CRH2_YEAST	0.9887880682945251
sp|P53301|CRH1_YEAST	sp|P53189|SCW11_YEAST	0.9819220900535583
sp|P53301|CRH1_YEAST	sp|P29029|CHIT_YEAST	0.9794756174087524
sp|P53301|CRH1_YEAST	sp|P36110|PRY2_YEAST	0.9775946736335754
sp|P53301|CRH1_YEAST	sp|P53753|ENG1_YEAST	0.975398063659668
sp|P53334|SCW4_YEAST	sp|Q04951|SCW10_YEAST	0.9978286027908325
sp|P53334|SCW4_YEAST	sp|Q08193|GAS5_YEAST	0.9859828352928162
sp|P53334|SCW4_YEAST	sp|P22146|GAS1_YEAST	0.9821315407752991
sp|P53334|SCW4_YEAST	sp|Q03655|GAS3_YEAST	0.9816461205482483
sp|P53334|SCW4_YEAST	sp|P15703|BGL2_YEAST	0.980168342590332
sp|P53616|SUN4_YEAST	sp|P36135|UTH1_YEAST	0.9937907457351685
sp|P53616|SUN4_YEAST	sp|P38288|TOS1_YEAST	0.9798166155815125
sp|P53616|SUN4_YEAST	sp|P32623|CRH2_YEAST	0.9763964414596558
sp|P53616|SUN4_YEAST	sp|Q04951|SCW10_YEAST	0.9729315638542175
sp|P53616|SUN4_YEAST	sp|P53301|CRH1_YEAST	0.9729234576225281
sp|P53753|ENG1_YEAST	sp|P53189|SCW11_YEAST	0.9811151623725891
sp|P53753|ENG1_YEAST	sp|P20840|SAG1_YEAST	0.9797828197479248
sp|P53753|ENG1_YEAST	sp|P53301|CRH1_YEAST	0.975398063659668
sp|P53753|ENG1_YEAST	sp|P32623|CRH2_YEAST	0.9753658771514893
sp|P53753|ENG1_YEAST	sp|P29029|CHIT_YEAST	0.9752593636512756
sp|P53872|PGA14_YEAST	sp|Q03178|PIR1_YEAST	0.9661160707473755
sp|P53872|PGA14_YEAST	sp|P32478|HS150_YEAST	0.9659628868103027
sp|P53872|PGA14_YEAST	sp|Q04433|FIT1_YEAST	0.9621486067771912
sp|P53872|PGA14_YEAST	sp|Q03180|PIR3_YEAST	0.9612386226654053
sp|P53872|PGA14_YEAST	sp|Q01589|SED1_YEAST	0.9593339562416077
sp|Q01589|SED1_YEAST	sp|Q12218|TIR4_YEAST	0.979052722454071
sp|Q01589|SED1_YEAST	sp|Q08907|FIT3_YEAST	0.9788089990615845
sp|Q01589|SED1_YEAST	sp|Q04433|FIT1_YEAST	0.9751155376434326
sp|Q01589|SED1_YEAST	sp|P40092|SPI1_YEAST	0.9720054864883423
sp|Q01589|SED1_YEAST	sp|P39712|FLO9_YEAST	0.9696924686431885
sp|Q03178|PIR1_YEAST	sp|Q03180|PIR3_YEAST	0.9947667717933655
sp|Q03178|PIR1_YEAST	sp|P32478|HS150_YEAST	0.994269847869873
sp|Q03178|PIR1_YEAST	sp|P46999|PIR5_YEAST	0.9832969307899475
sp|Q03178|PIR1_YEAST	sp|P47001|CIS3_YEAST	0.9758192300796509
sp|Q03178|PIR1_YEAST	sp|Q04433|FIT1_YEAST	0.9704140424728394
sp|Q03180|PIR3_YEAST	sp|Q03178|PIR1_YEAST	0.9947667717933655
sp|Q03180|PIR3_YEAST	sp|P32478|HS150_YEAST	0.9937373995780945
sp|Q03180|PIR3_YEAST	sp|P46999|PIR5_YEAST	0.9864726066589355
sp|Q03180|PIR3_YEAST	sp|P47001|CIS3_YEAST	0.9842748641967773
sp|Q03180|PIR3_YEAST	sp|Q04433|FIT1_YEAST	0.9743310809135437
sp|Q03655|GAS3_YEAST	sp|Q08193|GAS5_YEAST	0.994587779045105
sp|Q03655|GAS3_YEAST	sp|P22146|GAS1_YEAST	0.9912193417549133
sp|Q03655|GAS3_YEAST	sp|P53334|SCW4_YEAST	0.9816461205482483
sp|Q03655|GAS3_YEAST	sp|Q04951|SCW10_YEAST	0.9805117845535278
sp|Q03655|GAS3_YEAST	sp|P32623|CRH2_YEAST	0.9779528379440308
sp|Q04433|FIT1_YEAST	sp|Q12218|TIR4_YEAST	0.9835148453712463
sp|Q04433|FIT1_YEAST	sp|P47179|DAN4_YEAST	0.9796524047851562
sp|Q04433|FIT1_YEAST	sp|P32478|HS150_YEAST	0.9785855412483215
sp|Q04433|FIT1_YEAST	sp|P36170|FLO10_YEAST	0.9760990738868713
sp|Q04433|FIT1_YEAST	sp|Q01589|SED1_YEAST	0.9751155376434326
sp|Q04951|SCW10_YEAST	sp|P53334|SCW4_YEAST	0.9978286027908325
sp|Q04951|SCW10_YEAST	sp|Q08193|GAS5_YEAST	0.9848482608795166
sp|Q04951|SCW10_YEAST	sp|P22146|GAS1_YEAST	0.98192298412323
sp|Q04951|SCW10_YEAST	sp|Q03655|GAS3_YEAST	0.9805117845535278
sp|Q04951|SCW10_YEAST	sp|P15703|BGL2_YEAST	0.9802554249763489
sp|Q08193|GAS5_YEAST	sp|Q03655|GAS3_YEAST	0.994587779045105
sp|Q08193|GAS5_YEAST	sp|P22146|GAS1_YEAST	0.9939761161804199
sp|Q08193|GAS5_YEAST	sp|P53334|SCW4_YEAST	0.9859828352928162
sp|Q08193|GAS5_YEAST	sp|Q04951|SCW10_YEAST	0.9848482608795166
sp|Q08193|GAS5_YEAST	sp|P23776|EXG1_YEAST	0.976469874382019
sp|Q12127|CCW12_YEAST	sp|Q7LHD1|CCW22_YEAST	0.9972018003463745
sp|Q12127|CCW12_YEAST	sp|P40092|SPI1_YEAST	0.9766054153442383
sp|Q12127|CCW12_YEAST	sp|P43497|CWP2_YEAST	0.9701439142227173
sp|Q12127|CCW12_YEAST	sp|Q08907|FIT3_YEAST	0.9671311378479004
sp|Q12127|CCW12_YEAST	sp|P48560|TOS6_YEAST	0.9654020667076111
sp|Q12355|PST1_YEAST	sp|P38248|ECM33_YEAST	0.9954166412353516
sp|Q12355|PST1_YEAST	sp|P38616|YGP1_YEAST	0.970557689666748
sp|Q12355|PST1_YEAST	sp|P32623|CRH2_YEAST	0.969865083694458
sp|Q12355|PST1_YEAST	sp|Q03655|GAS3_YEAST	0.969739556312561
sp|Q12355|PST1_YEAST	sp|P28319|CWP1_YEAST	0.9689562320709229
sp|P23285|CYPB_YEAST	sp|P32472|FKBP2_YEAST	0.9627678990364075
sp|P23285|CYPB_YEAST	sp|Q06490|THI22_YEAST	0.9626619815826416
sp|P23285|CYPB_YEAST	sp|P32603|SPR1_YEAST	0.9564613699913025
sp|P23285|CYPB_YEAST	sp|P38836|ECM14_YEAST	0.9548766613006592
sp|P23285|CYPB_YEAST	sp|P23776|EXG1_YEAST	0.9521628022193909
sp|P32603|SPR1_YEAST	sp|P23776|EXG1_YEAST	0.9920517206192017
sp|P32603|SPR1_YEAST	sp|Q03655|GAS3_YEAST	0.9752744436264038
sp|P32603|SPR1_YEAST	sp|P00724|INV2_YEAST	0.9702704548835754
sp|P32603|SPR1_YEAST	sp|Q08193|GAS5_YEAST	0.9689069986343384
sp|P32603|SPR1_YEAST	sp|P00635|PPA5_YEAST	0.9688994288444519
sp|P33890|TIR2_YEAST	sp|P27654|TIP1_YEAST	0.9959172606468201
sp|P33890|TIR2_YEAST	sp|P10863|TIR1_YEAST	0.9950757026672363
sp|P33890|TIR2_YEAST	sp|P40552|TIR3_YEAST	0.9933702349662781
sp|P33890|TIR2_YEAST	sp|P47178|DAN1_YEAST	0.9912316799163818
sp|P33890|TIR2_YEAST	sp|Q12218|TIR4_YEAST	0.9869224429130554
sp|P36110|PRY2_YEAST	sp|P47032|PRY1_YEAST	0.9947900176048279
sp|P36110|PRY2_YEAST	sp|P53189|SCW11_YEAST	0.9813998937606812
sp|P36110|PRY2_YEAST	sp|P53301|CRH1_YEAST	0.9775946736335754
sp|P36110|PRY2_YEAST	sp|P29029|CHIT_YEAST	0.9763882756233215
sp|P36110|PRY2_YEAST	sp|Q04951|SCW10_YEAST	0.9739077687263489
sp|P38288|TOS1_YEAST	sp|P46992|TOH1_YEAST	0.9906555414199829
sp|P38288|TOS1_YEAST	sp|P32623|CRH2_YEAST	0.9825671911239624
sp|P38288|TOS1_YEAST	sp|P53616|SUN4_YEAST	0.9798166155815125
sp|P38288|TOS1_YEAST	sp|P53301|CRH1_YEAST	0.9742423295974731
sp|P38288|TOS1_YEAST	sp|P36135|UTH1_YEAST	0.9728571176528931
sp|P38616|YGP1_YEAST	sp|P00635|PPA5_YEAST	0.9727610349655151
sp|P38616|YGP1_YEAST	sp|Q12355|PST1_YEAST	0.970557689666748
sp|P38616|YGP1_YEAST	sp|P32623|CRH2_YEAST	0.9704984426498413
sp|P38616|YGP1_YEAST	sp|Q03655|GAS3_YEAST	0.9700738191604614
sp|P38616|YGP1_YEAST	sp|P46992|TOH1_YEAST	0.9699087738990784
sp|P39712|FLO9_YEAST	sp|P32768|FLO1_YEAST	0.9983831644058228
sp|P39712|FLO9_YEAST	sp|P38894|FLO5_YEAST	0.9970678091049194
sp|P39712|FLO9_YEAST	sp|P08640|FLO11_YEAST	0.980743408203125
sp|P39712|FLO9_YEAST	sp|P36170|FLO10_YEAST	0.974673330783844
sp|P39712|FLO9_YEAST	sp|Q04433|FIT1_YEAST	0.9734272956848145
sp|P40092|SPI1_YEAST	sp|P48560|TOS6_YEAST	0.9871349930763245
sp|P40092|SPI1_YEAST	sp|P47178|DAN1_YEAST	0.9865447282791138
sp|P40092|SPI1_YEAST	sp|Q7LHD1|CCW22_YEAST	0.9837828874588013
sp|P40092|SPI1_YEAST	sp|Q08906|FIT2_YEAST	0.9828360676765442
sp|P40092|SPI1_YEAST	sp|P43497|CWP2_YEAST	0.9805060625076294
sp|P40552|TIR3_YEAST	sp|P10863|TIR1_YEAST	0.9936180710792542
sp|P40552|TIR3_YEAST	sp|P27654|TIP1_YEAST	0.9934965372085571
sp|P40552|TIR3_YEAST	sp|P33890|TIR2_YEAST	0.9933702349662781
sp|P40552|TIR3_YEAST	sp|P47178|DAN1_YEAST	0.989666759967804
sp|P40552|TIR3_YEAST	sp|O13547|CCW14_YEAST	0.985390305519104
sp|P46992|TOH1_YEAST	sp|P38288|TOS1_YEAST	0.9906555414199829
sp|P46992|TOH1_YEAST	sp|P32623|CRH2_YEAST	0.9818211793899536
sp|P46992|TOH1_YEAST	sp|Q03655|GAS3_YEAST	0.9717293381690979
sp|P46992|TOH1_YEAST	sp|P38616|YGP1_YEAST	0.9699087738990784
sp|P46992|TOH1_YEAST	sp|P00635|PPA5_YEAST	0.9689860939979553
sp|P47179|DAN4_YEAST	sp|P36170|FLO10_YEAST	0.9815826416015625
sp|P47179|DAN4_YEAST	sp|Q04433|FIT1_YEAST	0.9796524047851562
sp|P47179|DAN4_YEAST	sp|P08640|FLO11_YEAST	0.9736588597297668
sp|P47179|DAN4_YEAST	sp|P32323|AGA1_YEAST	0.9731580018997192
sp|P47179|DAN4_YEAST	sp|P39712|FLO9_YEAST	0.9722557067871094
sp|P53189|SCW11_YEAST	sp|P29029|CHIT_YEAST	0.9851638674736023
sp|P53189|SCW11_YEAST	sp|P53301|CRH1_YEAST	0.9819220900535583
sp|P53189|SCW11_YEAST	sp|P36110|PRY2_YEAST	0.9813998937606812
sp|P53189|SCW11_YEAST	sp|P53753|ENG1_YEAST	0.9811151623725891
sp|P53189|SCW11_YEAST	sp|Q04951|SCW10_YEAST	0.9777441024780273
sp|Q08673|SRL1_YEAST	sp|P38844|DSE2_YEAST	0.9857804775238037
sp|Q08673|SRL1_YEAST	sp|P17260|KRE1_YEAST	0.9848706126213074
sp|Q08673|SRL1_YEAST	sp|P42835|EGT2_YEAST	0.9771730303764343
sp|Q08673|SRL1_YEAST	sp|Q07990|YL042_YEAST	0.9760849475860596
sp|Q08673|SRL1_YEAST	sp|P39005|KRE9_YEAST	0.975534200668335
sp|Q08906|FIT2_YEAST	sp|P48560|TOS6_YEAST	0.985181450843811
sp|Q08906|FIT2_YEAST	sp|P47178|DAN1_YEAST	0.98406583070755
sp|Q08906|FIT2_YEAST	sp|P40092|SPI1_YEAST	0.9828360676765442
sp|Q08906|FIT2_YEAST	sp|P33890|TIR2_YEAST	0.978980302810669
sp|Q08906|FIT2_YEAST	sp|P27654|TIP1_YEAST	0.9787271618843079
sp|Q08907|FIT3_YEAST	sp|P10863|TIR1_YEAST	0.9834581017494202
sp|Q08907|FIT3_YEAST	sp|P33890|TIR2_YEAST	0.9832932949066162
sp|Q08907|FIT3_YEAST	sp|P40552|TIR3_YEAST	0.9818102121353149
sp|Q08907|FIT3_YEAST	sp|O13547|CCW14_YEAST	0.978940486907959
sp|Q08907|FIT3_YEAST	sp|Q01589|SED1_YEAST	0.9788089990615845
sp|Q12218|TIR4_YEAST	sp|P33890|TIR2_YEAST	0.9869224429130554
sp|Q12218|TIR4_YEAST	sp|P10863|TIR1_YEAST	0.9850978851318359
sp|Q12218|TIR4_YEAST	sp|P47178|DAN1_YEAST	0.9835912585258484
sp|Q12218|TIR4_YEAST	sp|Q04433|FIT1_YEAST	0.9835148453712463
sp|Q12218|TIR4_YEAST	sp|P27654|TIP1_YEAST	0.9802733659744263
sp|P39005|KRE9_YEAST	sp|P50112|KNH1_YEAST	0.9952051043510437
sp|P39005|KRE9_YEAST	sp|P47001|CIS3_YEAST	0.9847568869590759
sp|P39005|KRE9_YEAST	sp|P46999|PIR5_YEAST	0.983273983001709
sp|P39005|KRE9_YEAST	sp|P20840|SAG1_YEAST	0.9810507893562317
sp|P39005|KRE9_YEAST	sp|Q07988|AFB1_YEAST	0.9805624485015869
sp|P46999|PIR5_YEAST	sp|P47001|CIS3_YEAST	0.9900626540184021
sp|P46999|PIR5_YEAST	sp|Q03180|PIR3_YEAST	0.9864726066589355
sp|P46999|PIR5_YEAST	sp|Q03178|PIR1_YEAST	0.9832969307899475
sp|P46999|PIR5_YEAST	sp|P39005|KRE9_YEAST	0.983273983001709
sp|P46999|PIR5_YEAST	sp|P50112|KNH1_YEAST	0.9828641414642334
sp|P48560|TOS6_YEAST	sp|P43497|CWP2_YEAST	0.9882088899612427
sp|P48560|TOS6_YEAST	sp|P40092|SPI1_YEAST	0.9871349930763245
sp|P48560|TOS6_YEAST	sp|Q08906|FIT2_YEAST	0.985181450843811
sp|P48560|TOS6_YEAST	sp|P47178|DAN1_YEAST	0.9816150069236755
sp|P48560|TOS6_YEAST	sp|P27654|TIP1_YEAST	0.974040150642395
sp|P50112|KNH1_YEAST	sp|P39005|KRE9_YEAST	0.9952051043510437
sp|P50112|KNH1_YEAST	sp|P46999|PIR5_YEAST	0.9828641414642334
sp|P50112|KNH1_YEAST	sp|P47001|CIS3_YEAST	0.9810987114906311
sp|P50112|KNH1_YEAST	sp|Q07988|AFB1_YEAST	0.9769304990768433
sp|P50112|KNH1_YEAST	sp|P20840|SAG1_YEAST	0.9765176773071289
sp|Q03029|SPO19_YEAST	sp|Q12282|SPR2_YEAST	0.9894999861717224
sp|Q03029|SPO19_YEAST	sp|Q07990|YL042_YEAST	0.9712918996810913
sp|Q03029|SPO19_YEAST	sp|P43600|CSS2_YEAST	0.9699301719665527
sp|Q03029|SPO19_YEAST	sp|Q08300|CSS3_YEAST	0.9698399305343628
sp|Q03029|SPO19_YEAST	sp|P20840|SAG1_YEAST	0.9662728309631348
sp|Q06490|THI22_YEAST	sp|P32603|SPR1_YEAST	0.9671788215637207
sp|Q06490|THI22_YEAST	sp|P23776|EXG1_YEAST	0.9633605480194092
sp|Q06490|THI22_YEAST	sp|P23285|CYPB_YEAST	0.9626619815826416
sp|Q06490|THI22_YEAST	sp|P38616|YGP1_YEAST	0.9616639614105225
sp|Q06490|THI22_YEAST	sp|P38836|ECM14_YEAST	0.961368203163147
sp|Q07987|PAU23_YEAST	sp|P47178|DAN1_YEAST	0.9799337387084961
sp|Q07987|PAU23_YEAST	sp|P27654|TIP1_YEAST	0.9778130054473877
sp|Q07987|PAU23_YEAST	sp|P50112|KNH1_YEAST	0.9702320098876953
sp|Q07987|PAU23_YEAST	sp|P47001|CIS3_YEAST	0.9693197011947632
sp|Q07987|PAU23_YEAST	sp|P33890|TIR2_YEAST	0.9690525531768799
sp|Q07988|AFB1_YEAST	sp|Q07990|YL042_YEAST	0.9820781946182251
sp|Q07988|AFB1_YEAST	sp|P39005|KRE9_YEAST	0.9805624485015869
sp|Q07988|AFB1_YEAST	sp|P20840|SAG1_YEAST	0.9804328680038452
sp|Q07988|AFB1_YEAST	sp|P50112|KNH1_YEAST	0.9769304990768433
sp|Q07988|AFB1_YEAST	sp|P17260|KRE1_YEAST	0.9731796979904175
sp|Q07990|YL042_YEAST	sp|Q07988|AFB1_YEAST	0.9820781946182251
sp|Q07990|YL042_YEAST	sp|Q12282|SPR2_YEAST	0.98048996925354
sp|Q07990|YL042_YEAST	sp|P20840|SAG1_YEAST	0.9782238602638245
sp|Q07990|YL042_YEAST	sp|P38844|DSE2_YEAST	0.9781012535095215
sp|Q07990|YL042_YEAST	sp|Q08673|SRL1_YEAST	0.9760849475860596
sp|Q12282|SPR2_YEAST	sp|Q03029|SPO19_YEAST	0.9894999861717224
sp|Q12282|SPR2_YEAST	sp|Q07990|YL042_YEAST	0.98048996925354
sp|Q12282|SPR2_YEAST	sp|P43600|CSS2_YEAST	0.9766525030136108
sp|Q12282|SPR2_YEAST	sp|Q08300|CSS3_YEAST	0.975767970085144
sp|Q12282|SPR2_YEAST	sp|P20840|SAG1_YEAST	0.972367525100708
sp|Q7LHD1|CCW22_YEAST	sp|Q12127|CCW12_YEAST	0.9972018003463745
sp|Q7LHD1|CCW22_YEAST	sp|P40092|SPI1_YEAST	0.9837828874588013
sp|Q7LHD1|CCW22_YEAST	sp|P43497|CWP2_YEAST	0.9750759601593018
sp|Q7LHD1|CCW22_YEAST	sp|P48560|TOS6_YEAST	0.972717821598053
sp|Q7LHD1|CCW22_YEAST	sp|P47178|DAN1_YEAST	0.9712151288986206
sp|P43600|CSS2_YEAST	sp|Q08300|CSS3_YEAST	0.983595609664917
sp|P43600|CSS2_YEAST	sp|Q12282|SPR2_YEAST	0.9766525030136108
sp|P43600|CSS2_YEAST	sp|Q03029|SPO19_YEAST	0.9699301719665527
sp|P43600|CSS2_YEAST	sp|P50112|KNH1_YEAST	0.9684047698974609
sp|P43600|CSS2_YEAST	sp|P39005|KRE9_YEAST	0.9656735062599182
sp|Q08300|CSS3_YEAST	sp|P43600|CSS2_YEAST	0.983595609664917
sp|Q08300|CSS3_YEAST	sp|Q12282|SPR2_YEAST	0.975767970085144
sp|Q08300|CSS3_YEAST	sp|Q03029|SPO19_YEAST	0.9698399305343628
sp|Q08300|CSS3_YEAST	sp|Q07990|YL042_YEAST	0.9613803029060364
sp|Q08300|CSS3_YEAST	sp|Q3E821|YB008_YEAST	0.9570042490959167
sp|P38733|YHD7_YEAST	sp|Q3E821|YB008_YEAST	0.9904032945632935
sp|P38733|YHD7_YEAST	sp|Q08300|CSS3_YEAST	0.9493341445922852
sp|P38733|YHD7_YEAST	sp|Q12282|SPR2_YEAST	0.9396764636039734
sp|P38733|YHD7_YEAST	sp|P43600|CSS2_YEAST	0.9378052949905396
sp|P38733|YHD7_YEAST	sp|Q03029|SPO19_YEAST	0.9292314052581787
sp|Q3E821|YB008_YEAST	sp|P38733|YHD7_YEAST	0.9904032945632935
sp|Q3E821|YB008_YEAST	sp|Q08300|CSS3_YEAST	0.9570042490959167
sp|Q3E821|YB008_YEAST	sp|Q12282|SPR2_YEAST	0.9482442140579224
sp|Q3E821|YB008_YEAST	sp|P43600|CSS2_YEAST	0.9454090595245361
sp|Q3E821|YB008_YEAST	sp|Q03029|SPO19_YEAST	0.9391305446624756
